{
  "chars": "abcdefghijklmnop",
  "concentration": 0.4,
  "generator": "make_markov_corpus.py",
  "length": 40960,
  "line_length": 80,
  "lines": 512,
  "mean_context_entropy_bits": 2.840594725890515,
  "mean_context_entropy_nats": 1.9689502253644613,
  "order": 1,
  "sampled_source_bits_per_char": 2.8340592747817137,
  "sampled_source_nll_nats": 1.964420195854708,
  "seed": 20260620,
  "transition_table": {
    "a": {
      "a": 0.0996927261,
      "b": 0.0205425534,
      "c": 0.0731272166,
      "d": 0.0119080013,
      "e": 0.0088468743,
      "f": 0.125915671,
      "g": 0.0017221404,
      "h": 0.0037947518,
      "i": 0.0877726782,
      "j": 0.4166853563,
      "k": 0.0511544717,
      "l": 0.0901201512,
      "m": 0.0067570524,
      "n": 0.0019595265,
      "o": 1e-10,
      "p": 8.288e-07
    },
    "b": {
      "a": 0.0084929772,
      "b": 0.0567539105,
      "c": 0.0071273482,
      "d": 5.89251e-05,
      "e": 0.0069206076,
      "f": 0.4247816772,
      "g": 0.0231725181,
      "h": 0.0662645451,
      "i": 0.0164973795,
      "j": 0.0257478619,
      "k": 0.2094272082,
      "l": 0.0154943218,
      "m": 0.0489956639,
      "n": 0.0508280459,
      "o": 0.0282026637,
      "p": 0.011234346
    },
    "c": {
      "a": 0.00067091,
      "b": 0.0511039391,
      "c": 0.0760613196,
      "d": 0.0752763926,
      "e": 0.0084239814,
      "f": 0.0192944437,
      "g": 0.0146523889,
      "h": 0.3680268885,
      "i": 0.0137037284,
      "j": 0.0025173848,
      "k": 0.0002236493,
      "l": 0.0067483394,
      "m": 0.1581738128,
      "n": 0.1595358612,
      "o": 0.0449124091,
      "p": 0.0006745512
    },
    "d": {
      "a": 0.0136893239,
      "b": 0.2390165984,
      "c": 0.0038563584,
      "d": 0.0260463143,
      "e": 0.0973354752,
      "f": 0.1430762267,
      "g": 0.0375269503,
      "h": 0.0842993977,
      "i": 2.17868e-05,
      "j": 0.0903890588,
      "k": 0.0091294407,
      "l": 0.0049638253,
      "m": 0.009693322,
      "n": 0.2386035456,
      "o": 0.0023370085,
      "p": 1.53673e-05
    },
    "e": {
      "a": 0.0063578534,
      "b": 0.0528729954,
      "c": 0.0909977157,
      "d": 0.0590801034,
      "e": 0.0005438167,
      "f": 0.0002981631,
      "g": 0.0118211548,
      "h": 0.1736277323,
      "i": 0.0255408704,
      "j": 0.0009326012,
      "k": 0.0234262439,
      "l": 0.0221798229,
      "m": 0.2834521698,
      "n": 0.0850648627,
      "o": 0.1293077258,
      "p": 0.0344961686
    },
    "f": {
      "a": 4.58699e-05,
      "b": 0.0398957848,
      "c": 0.0255727214,
      "d": 0.0789922294,
      "e": 0.0609021099,
      "f": 0.0638554523,
      "g": 0.0325812855,
      "h": 0.047852581,
      "i": 0.1706829239,
      "j": 0.0859372323,
      "k": 0.149034731,
      "l": 0.1145996298,
      "m": 0.086416243,
      "n": 4.61496e-05,
      "o": 0.0195528287,
      "p": 0.0240322275
    },
    "g": {
      "a": 0.1639855237,
      "b": 0.1093824191,
      "c": 0.0340179793,
      "d": 3.60109e-05,
      "e": 0.3341509314,
      "f": 0.0142724071,
      "g": 0.0038627519,
      "h": 0.0920507613,
      "i": 0.0030795598,
      "j": 0.0595601471,
      "k": 0.0208885611,
      "l": 0.000295456,
      "m": 0.0064625767,
      "n": 0.1401650963,
      "o": 0.0163033996,
      "p": 0.0014864186
    },
    "h": {
      "a": 0.0175068129,
      "b": 0.0122829216,
      "c": 0.1725975381,
      "d": 0.0129074698,
      "e": 0.2128468048,
      "f": 0.0002570821,
      "g": 0.0026376484,
      "h": 0.0492330348,
      "i": 0.0780299664,
      "j": 0.0258838542,
      "k": 0.080467963,
      "l": 0.005588306,
      "m": 0.1881290929,
      "n": 0.1408958097,
      "o": 0.0007352226,
      "p": 4.728e-07
    },
    "i": {
      "a": 0.0054181973,
      "b": 0.0007139402,
      "c": 0.005259006,
      "d": 0.0155224187,
      "e": 0.1047265984,
      "f": 0.0195211184,
      "g": 0.0028626187,
      "h": 0.0522455464,
      "i": 0.1181699802,
      "j": 0.1612254886,
      "k": 0.139468973,
      "l": 0.1144327122,
      "m": 0.0008434399,
      "n": 0.1160183962,
      "o": 0.0933466865,
      "p": 0.0502248792
    },
    "j": {
      "a": 0.1334869049,
      "b": 0.0420068702,
      "c": 0.0259304744,
      "d": 0.0043580629,
      "e": 0.0002244674,
      "f": 0.0184738348,
      "g": 0.0007018548,
      "h": 0.1735068363,
      "i": 0.2660525206,
      "j": 0.199626894,
      "k": 0.0127354182,
      "l": 0.033271812,
      "m": 0.0091927593,
      "n": 7.859e-07,
      "o": 0.0298113321,
      "p": 0.0506191723
    },
    "k": {
      "a": 0.009570516,
      "b": 0.0038170782,
      "c": 0.0010272321,
      "d": 0.0445354638,
      "e": 0.0103072355,
      "f": 0.1288142543,
      "g": 0.1022780863,
      "h": 0.001925105,
      "i": 0.0398486074,
      "j": 0.0444753684,
      "k": 0.0088639062,
      "l": 0.528455637,
      "m": 6.70703e-05,
      "n": 0.067027388,
      "o": 0.005988417,
      "p": 0.0029986345
    },
    "l": {
      "a": 0.0093444899,
      "b": 0.0010191672,
      "c": 0.0014051224,
      "d": 0.0921761651,
      "e": 0.0127840776,
      "f": 0.0048177228,
      "g": 0.3963823143,
      "h": 0.0022911008,
      "i": 0.3734968668,
      "j": 0.0001873347,
      "k": 0.0417674332,
      "l": 0.0065655368,
      "m": 1.64355e-05,
      "n": 0.0265430597,
      "o": 0.0139199303,
      "p": 0.0172832428
    },
    "m": {
      "a": 0.1721222017,
      "b": 0.0157667887,
      "c": 0.509354455,
      "d": 0.0065024326,
      "e": 0.0067376754,
      "f": 0.0006110678,
      "g": 0.0211299822,
      "h": 0.0002341004,
      "i": 0.1117370684,
      "j": 0.0203981863,
      "k": 0.0026167474,
      "l": 0.0002598458,
      "m": 0.0457725636,
      "n": 0.0065247905,
      "o": 0.0170326739,
      "p": 0.0631994203
    },
    "n": {
      "a": 0.0364948906,
      "b": 1.83e-08,
      "c": 0.3356727496,
      "d": 0.005949557,
      "e": 0.2048161875,
      "f": 0.1190568859,
      "g": 0.0097269535,
      "h": 0.0008547206,
      "i": 0.0123719238,
      "j": 0.0075509979,
      "k": 0.1912684578,
      "l": 0.0166244358,
      "m": 0.0014984275,
      "n": 0.0059195508,
      "o": 0.0044935726,
      "p": 0.0477006707
    },
    "o": {
      "a": 0.0257066741,
      "b": 0.1917663259,
      "c": 0.078181783,
      "d": 0.0042013237,
      "e": 0.1919214772,
      "f": 5.4568e-06,
      "g": 0.0172849325,
      "h": 0.0929413045,
      "i": 0.2689318661,
      "j": 0.0051762811,
      "k": 0.0747665711,
      "l": 0.011157523,
      "m": 0.0062165207,
      "n": 0.0316907482,
      "o": 3.3463e-06,
      "p": 4.78659e-05
    },
    "p": {
      "a": 0.0435346322,
      "b": 6.81e-07,
      "c": 0.0534575612,
      "d": 0.051728334,
      "e": 0.0173943199,
      "f": 0.0216556392,
      "g": 0.0071109624,
      "h": 3.41328e-05,
      "i": 0.0378236818,
      "j": 0.2237055291,
      "k": 0.0735046432,
      "l": 3.8994e-06,
      "m": 0.0024090077,
      "n": 0.1398547681,
      "o": 0.2711934728,
      "p": 0.0565887354
    }
  },
  "vocab": 16
}
