{
  "chars": "abcdefgh",
  "concentration": 0.4,
  "generator": "make_markov_corpus.py",
  "length": 40960,
  "line_length": 80,
  "lines": 512,
  "mean_context_entropy_bits": 2.03268521865604,
  "mean_context_entropy_nats": 1.4089500282773098,
  "order": 2,
  "sampled_source_bits_per_char": 1.990173813199768,
  "sampled_source_nll_nats": 1.3794833674436544,
  "seed": 20260621,
  "transition_table": {
    "aa": {
      "a": 0.0856376546,
      "b": 1.04228e-05,
      "c": 0.0026262303,
      "d": 0.068963038,
      "e": 0.3092080024,
      "f": 0.3960791898,
      "g": 0.0441874923,
      "h": 0.0932879697
    },
    "ab": {
      "a": 0.5436608293,
      "b": 0.200657375,
      "c": 0.0009944692,
      "d": 0.0181928675,
      "e": 0.093280311,
      "f": 0.0381114026,
      "g": 0.0709858698,
      "h": 0.0341168756
    },
    "ac": {
      "a": 0.0743598614,
      "b": 0.2090254043,
      "c": 0.000596268,
      "d": 0.199828509,
      "e": 0.2303507838,
      "f": 0.1913093715,
      "g": 0.0081825787,
      "h": 0.0863472233
    },
    "ad": {
      "a": 0.1708409379,
      "b": 0.323513461,
      "c": 0.1179549916,
      "d": 0.0131308288,
      "e": 0.0377340792,
      "f": 0.3251994263,
      "g": 0.0112579228,
      "h": 0.0003683526
    },
    "ae": {
      "a": 0.1569675912,
      "b": 0.1365241347,
      "c": 0.0638831162,
      "d": 0.0563962463,
      "e": 0.0054146129,
      "f": 0.0623006366,
      "g": 0.0786910005,
      "h": 0.4398226616
    },
    "af": {
      "a": 0.1472347246,
      "b": 0.0954611568,
      "c": 0.2318579236,
      "d": 0.0597255867,
      "e": 0.0086099184,
      "f": 0.0149347147,
      "g": 0.043508609,
      "h": 0.3986673663
    },
    "ag": {
      "a": 0.07596032,
      "b": 0.266761136,
      "c": 0.004075971,
      "d": 0.0983468969,
      "e": 0.0034654327,
      "f": 0.0112529818,
      "g": 0.0023240113,
      "h": 0.5378132502
    },
    "ah": {
      "a": 0.0317764758,
      "b": 0.0029197529,
      "c": 0.3273864257,
      "d": 0.0007282543,
      "e": 0.0188600135,
      "f": 0.2416787503,
      "g": 0.0864137196,
      "h": 0.2902366078
    },
    "ba": {
      "a": 0.7363766153,
      "b": 0.0056418418,
      "c": 0.0005639014,
      "d": 0.1286491482,
      "e": 0.0017086862,
      "f": 0.1045284052,
      "g": 0.0006010566,
      "h": 0.0219303453
    },
    "bb": {
      "a": 0.2549748241,
      "b": 0.0997391764,
      "c": 0.0828769006,
      "d": 0.3472180367,
      "e": 0.0205302826,
      "f": 0.0882444923,
      "g": 0.0056317521,
      "h": 0.1007845353
    },
    "bc": {
      "a": 0.0024673243,
      "b": 0.001021882,
      "c": 0.06236147,
      "d": 0.4178885853,
      "e": 0.0226870819,
      "f": 0.38826686,
      "g": 0.0188792799,
      "h": 0.0864275166
    },
    "bd": {
      "a": 0.2806388379,
      "b": 0.0014825673,
      "c": 0.3656248737,
      "d": 0.0642624914,
      "e": 0.1645536744,
      "f": 0.0216729314,
      "g": 0.0959508257,
      "h": 0.0058137981
    },
    "be": {
      "a": 0.0456055239,
      "b": 0.0096113458,
      "c": 0.1869414731,
      "d": 0.0293378871,
      "e": 0.0001358384,
      "f": 0.6352011331,
      "g": 0.0766144878,
      "h": 0.0165523108
    },
    "bf": {
      "a": 0.0220128317,
      "b": 3.8129e-06,
      "c": 0.3480118094,
      "d": 0.4860404597,
      "e": 0.0751611677,
      "f": 0.0661320438,
      "g": 3.05881e-05,
      "h": 0.0026072868
    },
    "bg": {
      "a": 0.1642951576,
      "b": 0.05176156,
      "c": 0.2497438705,
      "d": 0.3158823139,
      "e": 0.078548982,
      "f": 0.0015531697,
      "g": 0.0186623975,
      "h": 0.1195525487
    },
    "bh": {
      "a": 0.5250437033,
      "b": 0.0231265398,
      "c": 0.0543935613,
      "d": 0.0443602997,
      "e": 0.1565927427,
      "f": 0.1377412279,
      "g": 0.0117289059,
      "h": 0.0470130195
    },
    "ca": {
      "a": 0.0789753674,
      "b": 0.000938989,
      "c": 0.0051012682,
      "d": 0.0033262945,
      "e": 0.1302439027,
      "f": 0.1202201956,
      "g": 0.1817318133,
      "h": 0.4794621692
    },
    "cb": {
      "a": 0.0018565505,
      "b": 0.1362053458,
      "c": 1.21981e-05,
      "d": 0.0898225186,
      "e": 0.0016279391,
      "f": 0.0054868917,
      "g": 0.5857392238,
      "h": 0.1792493323
    },
    "cc": {
      "a": 0.0766081669,
      "b": 0.7033757778,
      "c": 0.0338175889,
      "d": 0.0131050657,
      "e": 3.23481e-05,
      "f": 0.1091152392,
      "g": 0.0576517042,
      "h": 0.0062941091
    },
    "cd": {
      "a": 0.3099534816,
      "b": 0.079053186,
      "c": 0.1299877993,
      "d": 0.0226205521,
      "e": 0.0009829908,
      "f": 0.1166477888,
      "g": 0.3401783052,
      "h": 0.0005758962
    },
    "ce": {
      "a": 0.1853595895,
      "b": 0.0499714301,
      "c": 0.06901242,
      "d": 0.0136648718,
      "e": 0.0039995717,
      "f": 0.0401502781,
      "g": 0.0612241832,
      "h": 0.5766176556
    },
    "cf": {
      "a": 0.3300723044,
      "b": 0.0486658774,
      "c": 0.0057910785,
      "d": 0.0003020853,
      "e": 0.0242843271,
      "f": 0.5426332896,
      "g": 0.0478528167,
      "h": 0.000398221
    },
    "cg": {
      "a": 0.003018194,
      "b": 0.1718530233,
      "c": 0.0942106743,
      "d": 0.0025205,
      "e": 0.2343861232,
      "f": 0.0585147703,
      "g": 0.3053688472,
      "h": 0.1301278676
    },
    "ch": {
      "a": 0.4058213087,
      "b": 0.042792505,
      "c": 0.2081302746,
      "d": 0.0517181337,
      "e": 0.0291610853,
      "f": 0.1192866565,
      "g": 0.104240791,
      "h": 0.0388492454
    },
    "da": {
      "a": 0.0016430281,
      "b": 0.0327483833,
      "c": 3.9083e-06,
      "d": 1.00124e-05,
      "e": 0.023842948,
      "f": 0.4545580187,
      "g": 0.2008979246,
      "h": 0.2862957765
    },
    "db": {
      "a": 0.009399805,
      "b": 0.0004500029,
      "c": 0.0086366347,
      "d": 0.0209808195,
      "e": 0.8010068695,
      "f": 0.059441998,
      "g": 0.0169844501,
      "h": 0.0830994203
    },
    "dc": {
      "a": 0.3629754027,
      "b": 0.0403648958,
      "c": 0.2055293774,
      "d": 0.0006721633,
      "e": 0.0810799751,
      "f": 0.127396227,
      "g": 0.1251394967,
      "h": 0.056842462
    },
    "dd": {
      "a": 0.0051695126,
      "b": 0.1762976209,
      "c": 0.0672789594,
      "d": 0.1569195713,
      "e": 0.0598859847,
      "f": 0.2211697677,
      "g": 0.0829734017,
      "h": 0.2303051817
    },
    "de": {
      "a": 0.0053955279,
      "b": 0.0520931303,
      "c": 0.5345591111,
      "d": 0.0001399499,
      "e": 0.1208642878,
      "f": 0.0421327161,
      "g": 0.0987243062,
      "h": 0.1460909709
    },
    "df": {
      "a": 0.0397787684,
      "b": 0.4704850812,
      "c": 0.026431896,
      "d": 0.1164952252,
      "e": 0.0096921001,
      "f": 1.84399e-05,
      "g": 0.0150718839,
      "h": 0.3220266053
    },
    "dg": {
      "a": 0.1781725933,
      "b": 0.2177618707,
      "c": 0.3005746433,
      "d": 0.0803672391,
      "e": 0.012870026,
      "f": 0.0457935229,
      "g": 0.0536139525,
      "h": 0.1108461521
    },
    "dh": {
      "a": 0.1668927309,
      "b": 0.1597555929,
      "c": 0.2815053603,
      "d": 0.2852547278,
      "e": 0.0058908866,
      "f": 0.0417988654,
      "g": 0.016293057,
      "h": 0.0426087791
    },
    "ea": {
      "a": 0.3878053874,
      "b": 0.0962179126,
      "c": 0.2076119012,
      "d": 0.0058327437,
      "e": 0.0035608738,
      "f": 0.2165602402,
      "g": 0.0121179689,
      "h": 0.0702929723
    },
    "eb": {
      "a": 0.1861409025,
      "b": 0.0209218593,
      "c": 0.0220247671,
      "d": 0.1013226586,
      "e": 0.3156631832,
      "f": 0.1864023134,
      "g": 0.1587897854,
      "h": 0.0087345305
    },
    "ec": {
      "a": 0.2379309367,
      "b": 0.1795127467,
      "c": 0.0537883095,
      "d": 0.1763458163,
      "e": 0.0896437751,
      "f": 0.2333507342,
      "g": 0.0015637641,
      "h": 0.0278639173
    },