{
  "chars": "abcdefgh",
  "concentration": 0.4,
  "generator": "make_markov_corpus.py",
  "length": 40960,
  "line_length": 80,
  "lines": 512,
  "mean_context_entropy_bits": 2.188939888702538,
  "mean_context_entropy_nats": 1.5172575122693648,
  "order": 1,
  "sampled_source_bits_per_char": 2.2192241028560753,
  "sampled_source_nll_nats": 1.5382489299253626,
  "seed": 20260621,
  "transition_table": {
    "a": {
      "a": 0.0856376546,
      "b": 1.04228e-05,
      "c": 0.0026262303,
      "d": 0.068963038,
      "e": 0.3092080024,
      "f": 0.3960791898,
      "g": 0.0441874923,
      "h": 0.0932879697
    },
    "b": {
      "a": 0.5436608293,
      "b": 0.200657375,
      "c": 0.0009944692,
      "d": 0.0181928675,
      "e": 0.093280311,
      "f": 0.0381114026,
      "g": 0.0709858698,
      "h": 0.0341168756
    },
    "c": {
      "a": 0.0743598614,
      "b": 0.2090254043,
      "c": 0.000596268,
      "d": 0.199828509,
      "e": 0.2303507838,
      "f": 0.1913093715,
      "g": 0.0081825787,
      "h": 0.0863472233
    },
    "d": {
      "a": 0.1708409379,
      "b": 0.323513461,
      "c": 0.1179549916,
      "d": 0.0131308288,
      "e": 0.0377340792,
      "f": 0.3251994263,
      "g": 0.0112579228,
      "h": 0.0003683526
    },
    "e": {
      "a": 0.1569675912,
      "b": 0.1365241347,
      "c": 0.0638831162,
      "d": 0.0563962463,
      "e": 0.0054146129,
      "f": 0.0623006366,
      "g": 0.0786910005,
      "h": 0.4398226616
    },
    "f": {
      "a": 0.1472347246,
      "b": 0.0954611568,
      "c": 0.2318579236,
      "d": 0.0597255867,
      "e": 0.0086099184,
      "f": 0.0149347147,
      "g": 0.043508609,
      "h": 0.3986673663
    },
    "g": {
      "a": 0.07596032,
      "b": 0.266761136,
      "c": 0.004075971,
      "d": 0.0983468969,
      "e": 0.0034654327,
      "f": 0.0112529818,
      "g": 0.0023240113,
      "h": 0.5378132502
    },
    "h": {
      "a": 0.0317764758,
      "b": 0.0029197529,
      "c": 0.3273864257,
      "d": 0.0007282543,
      "e": 0.0188600135,
      "f": 0.2416787503,
      "g": 0.0864137196,
      "h": 0.2902366078
    }
  },
  "vocab": 8
}
