{
  "primary_metric": "deterministic chunked text8 TEST bits/char",
  "text8_results": {
    "COLD": {
      "checkpoint": "C:\\cassandra_runs\\stage58_dev_cold_checkpoints\\stage58_dev_cold_85m_b42000_seed7_random_full_seed7.pt",
      "step": 42000,
      "bits_per_char": 1.3573176822147175,
      "nll": 0.9408209245512913,
      "chars_evaluated": 4999936,
      "parameters": 85106721
    },
    "CURRICULUM": {
      "checkpoint": "C:\\cassandra_runs\\stage58_dev_curriculum_checkpoints\\stage58_dev_curriculum_phase2_85m_b42000_seed7_random_full_seed7.pt",
      "step": 42000,
      "bits_per_char": 1.3624141296719878,
      "nll": 0.94435351273717,
      "chars_evaluated": 4999936,
      "parameters": 85106721
    },
    "MIXTURE": {
      "checkpoint": "C:\\cassandra_runs\\stage58_dev_mixture_checkpoints\\stage58_dev_mixture_85m_b42000_seed7_random_full_seed7.pt",
      "step": 42000,
      "bits_per_char": 1.3852951562123879,
      "nll": 0.9602134317719657,
      "chars_evaluated": 4999936,
      "parameters": 85106721
    }
  },
  "primary_delta_curriculum_minus_cold": 0.005096447457270337,
  "seed7_primary_read": "E-null",
  "secondary_deltas": {
    "mixture_minus_cold": 0.027977473997670366,
    "mixture_minus_curriculum": 0.02288102654040003
  },
  "retention_points": {
    "COLD": [
      {
        "checkpoint": "C:\\cassandra_runs\\stage58_dev_cold_checkpoints\\stage58_dev_cold_85m_b42000_seed7_random_full_seed7_step005000.pt",
        "step": 5000,
        "bits_per_char": 3.6540456805651202,
        "nll": 2.5327914611209597,
        "chars_evaluated": 1499904
      },
      {
        "checkpoint": "C:\\cassandra_runs\\stage58_dev_cold_checkpoints\\stage58_dev_cold_85m_b42000_seed7_random_full_seed7_step010000.pt",
        "step": 10000,
        "bits_per_char": 3.7340578514033256,
        "nll": 2.5882516717479422,
        "chars_evaluated": 1499904
      },
      {
        "checkpoint": "C:\\cassandra_runs\\stage58_dev_cold_checkpoints\\stage58_dev_cold_85m_b42000_seed7_random_full_seed7_step015000.pt",
        "step": 15000,
        "bits_per_char": 3.8293763610475193,
        "nll": 2.654321427962991,
        "chars_evaluated": 1499904
      },
      {
        "checkpoint": "C:\\cassandra_runs\\stage58_dev_cold_checkpoints\\stage58_dev_cold_85m_b42000_seed7_random_full_seed7_step020000.pt",
        "step": 20000,
        "bits_per_char": 3.6457775773751924,
        "nll": 2.5270604487062824,
        "chars_evaluated": 1499904
      },
      {
        "checkpoint": "C:\\cassandra_runs\\stage58_dev_cold_checkpoints\\stage58_dev_cold_85m_b42000_seed7_random_full_seed7_step025000.pt",
        "step": 25000,
        "bits_per_char": 3.67287488134624,
        "nll": 2.54584286855459,
        "chars_evaluated": 1499904
      },
      {
        "checkpoint": "C:\\cassandra_runs\\stage58_dev_cold_checkpoints\\stage58_dev_cold_85m_b42000_seed7_random_full_seed7_step030000.pt",
        "step": 30000,
        "bits_per_char": 3.606769496476927,
        "nll": 2.5000221074125957,
        "chars_evaluated": 1499904
      },
      {
        "checkpoint": "C:\\cassandra_runs\\stage58_dev_cold_checkpoints\\stage58_dev_cold_85m_b42000_seed7_random_full_seed7_step035000.pt",
        "step": 35000,
        "bits_per_char": 3.561688328047779,
        "nll": 2.4687742226195835,
        "chars_evaluated": 1499904
      },
      {
        "checkpoint": "C:\\cassandra_runs\\stage58_dev_cold_checkpoints\\stage58_dev_cold_85m_b42000_seed7_random_full_seed7_step040000.pt",
        "step": 40000,
        "bits_per_char": 3.571101293003385,
        "nll": 2.4752987927392716,
        "chars_evaluated": 1499904
      },
      {
        "checkpoint": "C:\\cassandra_runs\\stage58_dev_cold_checkpoints\\stage58_dev_cold_85m_b42000_seed7_random_full_seed7.pt",
        "step": 42000,
        "bits_per_char": 3.5565022511216764,
        "nll": 2.4651795080200887,
        "chars_evaluated": 1499904
      }
    ],
    "CURRICULUM": [
      {
        "checkpoint": "C:\\cassandra_runs\\stage58_dev_curriculum_checkpoints\\stage58_dev_curriculum_phase1_85m_b12500_seed7_random_full_seed7_step005000.pt",
        "step": 5000,
        "bits_per_char": 0.9934149094360685,
        "nll": 0.6885827436018243,
        "chars_evaluated": 1499904
      },
      {
        "checkpoint": "C:\\cassandra_runs\\stage58_dev_curriculum_checkpoints\\stage58_dev_curriculum_phase1_85m_b12500_seed7_random_full_seed7_step010000.pt",
        "step": 10000,
        "bits_per_char": 0.9034737073947231,
        "nll": 0.6262402529906933,
        "chars_evaluated": 1499904
      },
      {
        "checkpoint": "C:\\cassandra_runs\\stage58_dev_curriculum_checkpoints\\stage58_dev_curriculum_phase1_85m_b12500_seed7_random_full_seed7.pt",
        "step": 12500,
        "bits_per_char": 0.8777818987765136,
        "nll": 0.6084320482834957,
        "chars_evaluated": 1499904
      },
      {
        "checkpoint": "C:\\cassandra_runs\\stage58_dev_curriculum_checkpoints\\stage58_dev_curriculum_phase2_85m_b42000_seed7_random_full_seed7_step015000.pt",
        "step": 15000,
        "bits_per_char": 3.1887602135042132,
        "nll": 2.210280151472175,
        "chars_evaluated": 1499904
      },
      {
        "checkpoint": "C:\\cassandra_runs\\stage58_dev_curriculum_checkpoints\\stage58_dev_curriculum_phase2_85m_b42000_seed7_random_full_seed7_step020000.pt",
        "step": 20000,
        "bits_per_char": 3.428489103947639,
        "nll": 2.376447555981799,
        "chars_evaluated": 1499904
      },
      {
        "checkpoint": "C:\\cassandra_runs\\stage58_dev_curriculum_checkpoints\\stage58_dev_curriculum_phase2_85m_b42000_seed7_random_full_seed7_step025000.pt",
        "step": 25000,
        "bits_per_char": 3.548431085062712,
        "nll": 2.4595850020224863,
        "chars_evaluated": 1499904
      },
      {
        "checkpoint": "C:\\cassandra_runs\\stage58_dev_curriculum_checkpoints\\stage58_dev_curriculum_phase2_85m_b42000_seed7_random_full_seed7_step030000.pt",
        "step": 30000,
        "bits_per_char": 3.5533049553280476,
        "nll": 2.4629633114553187,
        "chars_evaluated": 1499904
      },
      {
        "checkpoint": "C:\\cassandra_runs\\stage58_dev_curriculum_checkpoints\\stage58_dev_curriculum_phase2_85m_b42000_seed7_random_full_seed7_step035000.pt",
        "step": 35000,
        "bits_per_char": 3.5539642458153438,
        "nll": 2.463420296797758,
        "chars_evaluated": 1499904
      },
      {
        "checkpoint": "C:\\cassandra_runs\\stage58_dev_curriculum_checkpoints\\stage58_dev_curriculum_phase2_85m_b42000_seed7_random_full_seed7_step040000.pt",
        "step": 40000,
        "bits_per_char": 3.5076997065357594,
        "nll": 2.4313521618362093,
        "chars_evaluated": 1499904
      },
      {
        "checkpoint": "C:\\cassandra_runs\\stage58_dev_curriculum_checkpoints\\stage58_dev_curriculum_phase2_85m_b42000_seed7_random_full_seed7.pt",
        "step": 42000,
        "bits_per_char": 3.5290689014459677,
        "nll": 2.446164159039056,
        "chars_evaluated": 1499904
      }
    ],
    "MIXTURE": [
      {
        "checkpoint": "C:\\cassandra_runs\\stage58_dev_mixture_checkpoints\\stage58_dev_mixture_85m_b42000_seed7_random_full_seed7_step005000.pt",
        "step": 5000,
        "bits_per_char": 1.1702101154615787,
        "nll": 0.8111278421949213,
        "chars_evaluated": 1499904
      },
      {
        "checkpoint": "C:\\cassandra_runs\\stage58_dev_mixture_checkpoints\\stage58_dev_mixture_85m_b42000_seed7_random_full_seed7_step010000.pt",
        "step": 10000,
        "bits_per_char": 1.0618328349649457,
        "nll": 0.7360064357819258,
        "chars_evaluated": 1499904
      },
      {
        "checkpoint": "C:\\cassandra_runs\\stage58_dev_mixture_checkpoints\\stage58_dev_mixture_85m_b42000_seed7_random_full_seed7_step015000.pt",
        "step": 15000,
        "bits_per_char": 1.0049726582157672,
        "nll": 0.6965939645820927,